Model,Model Type,Task Performed,Type of Data,Performance with Linear data,Performance with Non linear data,Training Time (Speed),Computational Resources:,Scalability:,Performance Metrics,Generalization,Overfitting,Interpretability,Explanation Methods,Ease of Deployment,Latency,Bias and Fairness,Framework Compatibility,Integration with Systems,Libraries
Linear Regression,Supervised,Regression,Numeric,Excellent ,Poor ,Fast,Low,High for small to medium datasets,"R-squared, MSE, MAE",Good only for Linear relationships,Low (if no multicollinearity),High,Coefficients,Easy,Low,Sensitive to biased data,"Scikit-learn, TensorFlow, PyTorch, StatsModels",Easy,
Polynomial Regression,Supervised,Regression,Numeric,Moderate,Good,Moderate,Low/Moderate,Moderate,"R-squared, MSE, MAE",Moderate,High,Moderate,"Coefficients, residuals",Moderate,Low to Moderate,Sensitive to biased data,"Scikit-learn, TensorFlow, PyTorch, StatsModels",Moderate,
Ridge Regression,Supervised,Regression,"Numeric, regularized",Excellent ,Poor ,Fast,Low,Good for large datasets,"R-squared, MSE, MAE",Good,Low,High,Coefficients,Easy,Low,Improves fairness,"Scikit-learn, TensorFlow, PyTorch, StatsModels",Easy,
Lasso Regression,Supervised,Regression,"Numeric, regularized",Excellent ,Poor ,Fast,Low,Good,"R-squared, MSE, MAE",Good,Low,High,Coefficients,Easy,Low,May introduce bias,"Scikit-learn, TensorFlow, PyTorch, StatsModels",Easy,
Elastic Net,Supervised,Regression,"Numeric, regularized",Excellent ,Poor ,Fast,Low,Good,"R-squared, MSE, MAE",Good,Low,Moderate,Coefficients,Easy,Low,Reduces variance and bias,"Scikit-learn, TensorFlow, PyTorch, StatsModels",Easy,
Support Vector Regression (SVR),Supervised,Regression,"Numeric, kernel-based",Good,Excellent,Slow,High,Limited (high training time with large datasets),"MSE, epsilon-insensitive loss",Good,Low ,Low,"Support vectors, kernel functions",Moderate,Moderate,Sensitive to kernel choice,"Scikit-learn, LIBSVM, TensorFlow, PyTorch, Keras, H2O.ai",Moderate,
k-Nearest Neighbors Regression,Supervised,Regression,Numeric,Moderate,Good,Can be slow for large datasets,High (during inference),Limited,"R-squared, MSE, MAE",Depends on k-value,Low (high k) to High (low k),Moderate,Distance Metrics,Moderate,High,Sensitive to data imbalance,"Scikit-learn, TensorFlow, PyTorch",Moderate,
Decision Tree Regression,Supervised,Regression,Numeric,Moderate,Excellent,Fast,Moderate,Good,"MSE, MAE",Moderate,High,Moderate,"Feature importance, decision paths",Easy,Low,Biased by imbalanced data,"Scikit-learn, XGBoost, LightGBM, CatBoost, TensorFlow, PyTorch",Easy,
Random Forest Regression,Supervised,Regression,Numeric,Moderate,Excellent,Moderate to Slow,High,High,"MSE, MAE",Good,Low,Moderate,"Feature importance, SHAP, LIME",Moderate,Moderate,Moderate (Less sensitive than decision trees),"Scikit-learn, XGBoost, LightGBM, CatBoost, TensorFlow, PyTorch",Moderate,
Gradient Boosting Regression,Supervised,Regression,Numeric,Moderate,Excellent,Slow,High,High,"MSE, MAE",Good,Low,Low,"SHAP, LIME",Moderate to Difficult,Moderate,Moderate (Less sensitive than decision trees),"XGBoost, LightGBM, CatBoost, TensorFlow, PyTorch, Scikit-learn",Moderate,
Logistic Regression,Supervised,Classification,Categorical,Excellent ,Poor ,Fast,Low,High,"Accuracy, Precision, Recall, F1-score",Good,Low,High,"Coefficients, decision boundary",Easy,Low,Sensitive to imbalanced data,"Scikit-learn, TensorFlow, PyTorch, StatsModels",Easy,
Naive Bayes (Gaussian),Supervised,Classification,"Categorical, Numeric",Good,Poor ,Very Fast,Low,High,"Accuracy, Precision, Recall, F1-score",Good,Low,High,Probability estimates,Very Easy,Low,"Assumes independence, bias risk","Scikit-learn, TensorFlow, PyTorch, NLTK",Very Easy,
Naive Bayes (Multinomial),Supervised,Classification,Categorical (counts),Poor,Poor ,Very Fast,Low,High,"Accuracy, Precision, Recall, F1-score",Good,Low,High,Probability estimates,Very Easy,Low,"Assumes independence, bias risk","Scikit-learn, TensorFlow, PyTorch, NLTK",Very Easy,
Naive Bayes (Bernoulli),Supervised,Classification,Binary Categorical,Moderate,Poor ,Very Fast,Low,High,"Accuracy, Precision, Recall, F1-score",Good,Low,High,Probability estimates,Very Easy,Low,"Assumes independence, bias risk","Scikit-learn, TensorFlow, PyTorch, NLTK",Very Easy,
Support Vector Machine (SVM),Supervised,Classification,"Numeric, kernel-based",Good,Excellent,Slow,High,Limited,"Accuracy, Precision, Recall, F1-score",Good,Can overfit if kernel is not chosen carefully,Low,"Support vectors, kernel functions",Moderate,Moderate,Sensitive to kernel choice,"Scikit-learn, LIBSVM, TensorFlow, PyTorch, Keras, H2O.ai",Moderate,
k-Nearest Neighbors (k-NN),Supervised,Classification,Numeric,Poor,Good,Slow,High (during inference),Limited,"Accuracy, Precision, Recall, F1-score",Depends on k-value,Can overfit if k is too small,Low,Distance Metrics,Moderate,High,Sensitive to data imbalance,"Scikit-learn, LIBSVM, TensorFlow, PyTorch, Keras, H2O.ai",Moderate,
Decision Trees,Supervised,Classification,"Numeric, Categorical",Good,Excellent,Fast,Low,Low,"Accuracy, Precision, Recall, F1-score",Moderate,High,High,"Feature importance, decision paths",Easy,Low,Biased by imbalanced data,"Scikit-learn, XGBoost, LightGBM, TensorFlow, PyTorch, H2O.ai",Easy,
Random Forests,Supervised,Classification,"Numeric, Categorical",Good,Excellent,Moderare,High,High,"Accuracy, Precision, Recall, F1-score",Good,Low,Moderate,"Feature importance, SHAP, LIME",Moderate,Moderate,Less sensitive than decision trees,"Scikit-learn, XGBoost, LightGBM, CatBoost, TensorFlow, PyTorch, H2O.ai",Moderate,
Gradient Boosting Machines (GBM),Supervised,Classification,"Numeric, Categorical",Good,Excellent,Slow,High,High,"Accuracy, Precision, Recall, F1-Score, MSE, RMSE, R²",Good,Low,Low,"SHAP, LIME",Moderate to Difficult,Moderate,Less sensitive than decision trees,"XGBoost, LightGBM, CatBoost, Scikit-learn, TensorFlow, PyTorch",Moderate,
AdaBoost,Supervised,Classification,"Numeric, Categorical",Good,Good,Slow,High,High,"Accuracy, Precision, Recall, F1-Score, MSE, RMSE, R²",Moderate,Low,Low,Weighted combination of weak learners,Moderate,Moderate,"Reduces bias, sensitive to noisy data","Scikit-learn, XGBoost, LightGBM, TensorFlow, PyTorch, H2O.ai",Moderate,
XGBoost,Supervised,Classification,"Numeric, Categorical",Good,Excellent,Moderate,High,High,"Accuracy, Precision, Recall, F1-Score, MSE, RMSE, R²",Very Good,Low,Low,"SHAP, LIME, feature importance",,Moderate,"Generally fair, may require bias control","XGBoost, Scikit-learn, TensorFlow, PyTorch, H2O.ai",Moderate,
LightGBM,Supervised,Classification,"Numeric, Categorical",Good,Excellent,Fast,Moderate to High,High,"Accuracy, Precision, Recall, F1-Score, MSE, RMSE, R²",Very Good,Low,Low,"SHAP, LIME, feature importance",,Moderate,Strong performance in handling categorical features,"LightGBM, Scikit-learn, TensorFlow, PyTorch, H2O.ai",Moderate,
CatBoost,Supervised,Classification,"Numeric, Categorical",Good,Excellent,Fast,Moderate,High,"Accuracy, Precision, Recall, F1-Score, MSE, RMSE, R²",Very Good,Low,Low,"SHAP, LIME, feature importance",,Moderate,Excellent for handling categorical bias,"CatBoost, Scikit-learn, TensorFlow, PyTorch, H2O.ai",Moderate,
Neural Networks (Shallow),Supervised,Classification,"Numeric, Categorical",Depends on architecture and data,Good to Excellent,Slow to Moderate,High,Moderate,"Accuracy, Precision, Recall, F1-Score, MSE, RMSE, R²",Moderate,High,Low,"Weights, biases, SHAP, LIME",,Moderate,"Potential for bias, requires tuning for fairness","TensorFlow, Keras, PyTorch, Scikit-learn",Moderate,
,,,,,,,,,,,,,,,,,,,
k-Means,Unsupervised,Clustering,Numeric,Good,Poor,Fast,Low,High,"Sum of squared distances, Silhouette coefficient, Calinski-Harabasz index",Moderate,Moderate,Moderate,"Cluster centroids, inertia",Easy,Low,Sensitive to initial centroids,"Scikit-learn, PyTorch, TensorFlow, K-means++",Easy,
"Hierarchical Clustering (Agglomerative, Divisive)",Unsupervised,Clustering,"Numeric, Categorical",Poor,Good,Slow,High,Poor,"Cophenetic correlation, Dendrogram",Poor,High,High,"Dendrograms, linkages",Moderate,High,Sensitive to noise and outliers,"Scikit-learn, SciPy, Seaborn, TensorFlow, PyTorch",Moderate,
DBSCAN,Unsupervised,Clustering,"Numeric, Spatial",Poor,Excellent,Slow to Moderate,High,Moderate,"Silhouette score, core points",Good,Low,Low,"Core and border points, clusters",Moderate to Difficult,Moderate,"Handles noise well, may not perform well with varying densities","Scikit-learn, TensorFlow, PyTorch, H2O.ai",Moderate to Difficult,
Mean Shift,Unsupervised,Clustering,"Numeric, Spatial",Poor,Excellent,Slow,High,Poor,"Silhouette score, inertia",Moderate,Low,Moderate,"Cluster centers, bandwidth",Difficult,High,Handles arbitrary shape clusters,"Scikit-learn, TensorFlow, PyTorch, H2O.ai",Moderate ,
Gaussian Mixture Models (GMM),Unsupervised,Clustering,"Numeric, Continuous",Poor,Good,Slow to Moderate,High,Moderate,"Log-likelihood, BIC, AIC",Good,Low to Moderate,Low,"Cluster probabilities, covariances",Moderate to Difficult,Moderate,Bias due to the assumption of Gaussian distributions,"Scikit-learn, TensorFlow, PyTorch, H2O.ai",Moderate,
Spectral Clustering,Unsupervised,Clustering,"Numeric, Spatial",Moderate,Excellent,Slow,High,Moderate,"Silhouette Score, NMI",Moderate,Moderate,Low,"Eigenvectors, Affinity Matrix",Moderate,High,Requires Tuning,"Scikit-learn, PyTorch",Moderate,
Principal Component Analysis (PCA),Unsupervised,Dimensionality Reduction,Numeric,Excellent,Poor,Fast,Low,High,Explained Variance,Good,Low,High,"Eigenvalues, Loadings",Easy,Low,Fair,"Scikit-learn, TensorFlow",Easy,
t-Distributed Stochastic Neighbor Embedding (t-SNE),Unsupervised,Dimensionality Reduction,Numeric,Poor,Excellent,Slow,High,Low,KL Divergence,Poor,Moderate,Low,"Perplexity, Embedding Visuals",Difficult,High,Requires Tuning,"Scikit-learn, TensorFlow",Difficult,
Linear Discriminant Analysis (LDA),Unsupervised,Dimensionality Reduction,"Categorical, Numeric",Excellent,Poor,Fast,Low,Moderate,"Accuracy, AUC-ROC",Good,Low,High,Discriminant Functions,Easy,Low,Fair,"Scikit-learn, H2O.ai",Easy,
Independent Component Analysis (ICA),Unsupervised,Dimensionality Reduction,Numeric,Good,Moderate,Moderate,Moderate,Moderate,"Kurtosis, Skewness",Moderate,Moderate,Moderate,Independent Components,Moderate,Moderate,Fair,"Scikit-learn, TensorFlow",Moderate,
Non-Negative Matrix Factorization (NMF),Unsupervised,Dimensionality Reduction,Numeric,Good,Moderate,Moderate,Moderate,Moderate,Reconstruction Error,Moderate,Moderate,Moderate,"Basis Vectors, Coefficients",Moderate,Moderate,Requires Tuning,"Scikit-learn, TensorFlow",Moderate,
Isolation Forest,Unsupervised,Anomaly Detection,Numeric,Moderate,Good,Fast,Moderate,High,Anomaly Score,Good,Low,Moderate,Decision Function,Easy,Low,Fair,"Scikit-learn, PyOD",Easy,
One-Class SVM,Unsupervised,Anomaly Detection,Numeric,Poor,Good,Slow,High,Low,Anomaly Score,Poor,High,Low,Decision Boundary,Moderate,High,Requires Tuning,"Scikit-learn, PyOD",Moderate,
Local Outlier Factor (LOF),Unsupervised,Anomaly Detection,Numeric,Poor,Good,Moderate,Moderate,Low,LOF Score,Poor,Moderate,Low,K-neighborhood Analysis,Moderate,Moderate,Requires Tuning,"Scikit-learn, PyOD",Moderate,
Autoencoders (for anomaly detection),Unsupervised,Anomaly Detection,Numeric,Good,Excellent,Slow,High,Moderate,Reconstruction Error,Good,Moderate,Low,Latent Space Representation,Difficult,High,Requires Tuning,"TensorFlow, PyTorch",Moderate,
Apriori,Unsupervised,Association Rule Learning,Categorical,Poor,Good,Slow,High,Low,"Support, Confidence, Lift",Poor,Low,Low,"Frequent Itemsets, Rules",Moderate,High,Requires Tuning,"Orange, Weka",Moderate,
Eclat,Unsupervised,Association Rule Learning,Categorical,Poor,Good,Slow,High,Low,"Support, Confidence, Lift",Poor,Low,Low,"Frequent Itemsets, Rules",Moderate,High,Requires Tuning,"Orange, Weka",Moderate,
FP-Growth,Unsupervised,Association Rule Learning,Categorical,Moderate,Good,Moderate,Moderate,Moderate,"Support, Confidence, Lift",Moderate,Low,Moderate,"Frequent Itemsets, Rules",Easy,Low,Fair,"Scikit-learn, MLxtend",Easy,
,,,,,,,,,,,,,,,,,,,
Q-Learning,Reinforcement ,Value-Based Methods,Discrete State Space,Good,Moderate,Slow,Moderate,Low,Cumulative Reward,Moderate,High,Low,"Q-Table, Policy Iteration",Moderate,Moderate,Fair,"TensorFlow, PyTorch, OpenAI Gym",Moderate,
Deep Q-Networks (DQN),Reinforcement ,Value-Based Methods,"Discrete, Continuous",Moderate,Good,Slow,High,Moderate,Cumulative Reward,Moderate,Moderate,Low,"Q-Network, Neural Network Weights",Difficult,High,Requires Tuning,"TensorFlow, PyTorch, OpenAI Gym",Moderate,
REINFORCE,Reinforcement ,Policy-Based Methods,"Discrete, Continuous",Moderate,Good,Slow,High,Moderate,Cumulative Reward,Good,Moderate,Low,Policy Gradient,Moderate,High,Requires Tuning,"TensorFlow, PyTorch, OpenAI Gym",Moderate,
Actor-Critic,Reinforcement ,Policy-Based Methods,"Discrete, Continuous",Good,Good,Moderate,High,Moderate,"Cumulative Reward, Value Function",Good,Moderate,Moderate,"Value Function, Policy Function",Moderate,Moderate,Fair,"TensorFlow, PyTorch, OpenAI Gym",Moderate,
Model Predictive Control (MPC),Reinforcement ,Model-Based Methods,Continuous State Space,Good,Good,Slow,High,Moderate,Cumulative Reward,Good,Low,Moderate,"Control Law, Cost Function",Difficult,High,Fair,"MATLAB, Simulink, TensorFlow",Moderate,
Monte Carlo Tree Search (MCTS),Reinforcement ,Model-Based Methods,"Discrete, Continuous",Moderate,Good,Slow,High,Low,Expected Cumulative Reward,Good,Moderate,Low,"Tree Search, Rollouts",Difficult,High,Requires Tuning,"TensorFlow, PyTorch, OpenAI Gym",Moderate,
Advantage Actor-Critic (A2C),Reinforcement ,Hybrid Methods,"Discrete, Continuous",Good,Good,Moderate,High,Moderate,"Cumulative Reward, Advantage Function",Good,Moderate,Moderate,"Advantage Function, Policy Function",Moderate,Moderate,Fair,"TensorFlow, PyTorch, OpenAI Gym",Moderate,
Proximal Policy Optimization (PPO),Reinforcement ,Hybrid Methods,"Discrete, Continuous",Good,Good,Moderate,High,High,Cumulative Reward,Good,Low,Moderate,"Policy Gradient, KL-Divergence",Moderate,Moderate,Fair,"TensorFlow, PyTorch, OpenAI Gym",Moderate,
Trust Region Policy Optimization (TRPO),Reinforcement ,Hybrid Methods,"Discrete, Continuous",Good,Good,Slow,High,Moderate,Cumulative Reward,Good,Low,Moderate,"Policy Gradient, KL-Divergence",Moderate,Moderate,Fair,"TensorFlow, PyTorch, OpenAI Gym",Moderate,
,,,,,,,,,,,,,,,,,,,
Deep Learning,,,,,,,,,,,,,,,,,,,
,,,,,,,,,,,,,,,,,,,
Multilayer Perceptron (MLP),Neural Networks,Feedforward Neural Networks (FNN),"Numeric, Image, Text",Good,Moderate,Moderate,Moderate,High,"Accuracy, MSE, Cross-Entropy",Moderate,Moderate,Moderate,"Weight Analysis, Feature Importance",Easy,Low,Fair,"TensorFlow, PyTorch, Keras",High,
LeNet,Neural Networks,Convolutional Neural Networks (CNN),Image,Good,Good,Fast,Low,High,"Accuracy, Cross-Entropy",Moderate,Low,Moderate,"Filter Visualization, Activation Maps",Easy,Low,Fair,"TensorFlow, PyTorch, Keras",High,
AlexNet,Neural Networks,Convolutional Neural Networks (CNN),Image,Good,Good,Moderate,Moderate,High,"Accuracy, Cross-Entropy",Good,Moderate,Moderate,"Filter Visualization, Activation Maps",Moderate,Low,Requires Tuning,"TensorFlow, PyTorch, Keras",High,
"VGGNet (VGG16, VGG19)",Neural Networks,Convolutional Neural Networks (CNN),Image,Good,Excellent,Slow,High,High,"Accuracy, Cross-Entropy",Good,Moderate,Low,"Filter Visualization, Activation Maps",Moderate,High,Requires Tuning,"TensorFlow, PyTorch, Keras",High,
GoogLeNet (Inception),Neural Networks,Convolutional Neural Networks (CNN),Image,Good,Excellent,Slow,High,High,"Accuracy, Cross-Entropy",Good,Moderate,Moderate,"Filter Visualization, Activation Maps",Moderate,High,Requires Tuning,"TensorFlow, PyTorch, Keras",High,
ResNet (Residual Networks),Neural Networks,Convolutional Neural Networks (CNN),Image,Good,Excellent,Slow,High,High,"Accuracy, Cross-Entropy",Good,Low,Low,"Residual Connections, Feature Importance",Moderate,High,Requires Tuning,"TensorFlow, PyTorch, Keras",High,
DenseNet,Neural Networks,Convolutional Neural Networks (CNN),Image,Good,Excellent,Slow,High,High,"Accuracy, Cross-Entropy",Good,Low,Low,"Dense Connections, Feature Importance",Moderate,High,Requires Tuning,"TensorFlow, PyTorch, Keras",High,
EfficientNet,Neural Networks,Convolutional Neural Networks (CNN),Image,Good,Excellent,Fast,Moderate,High,"Accuracy, Cross-Entropy",Good,Low,Low,"Compound Scaling, Feature Importance",Moderate,Low,Fair,"TensorFlow, PyTorch, Keras",High,
Vanilla RNN,Neural Networks,Recurrent Neural Networks (RNN),"Sequential, Text",Moderate,Moderate,Slow,High,Moderate,"Accuracy, Cross-Entropy",Moderate,High,Low,Hidden State Analysis,Moderate,High,Requires Tuning,"TensorFlow, PyTorch, Keras",Moderate,
Long Short-Term Memory (LSTM),Neural Networks,Recurrent Neural Networks (RNN),"Sequential, Text",Good,Excellent,Slow,High,High,"Accuracy, Cross-Entropy",Good,Low,Low,"Memory Cell Analysis, Attention Mechanisms",Moderate,High,Fair,"TensorFlow, PyTorch, Keras",High,
Gated Recurrent Unit (GRU),Neural Networks,Recurrent Neural Networks (RNN),"Sequential, Text",Good,Excellent,Faster than LSTM,High,High,"Accuracy, Cross-Entropy",Good,Low,Low,"Memory Cell Analysis, Attention Mechanisms",Moderate,High,Fair,"TensorFlow, PyTorch, Keras",High,
Transformer,Neural Networks,Attention Mechanisms,"Sequential, Text",Excellent,Excellent,Moderate,High,High,"Accuracy, Cross-Entropy",High,Moderate,Moderate,"Self-Attention Mechanisms, Attention Maps",Moderate,Moderate,Requires Tuning,"TensorFlow, PyTorch, Keras",High,
BERT (Bidirectional Encoder Representations from Transformers),Neural Networks,Attention Mechanisms,Text,Excellent,Excellent,Slow,Very High,High,"F1 Score, Accuracy, Cross-Entropy",High,Low,Low,"Attention Mechanisms, Layer-wise Relevance Propagation",Moderate,High,Requires Tuning,"TensorFlow, PyTorch, Hugging Face",High,
GPT (Generative Pre-trained Transformer),Neural Networks,Attention Mechanisms,Text,Excellent,Excellent,Slow,Very High,High,"Perplexity, BLEU Score, Cross-Entropy",High,Low,Low,"Attention Mechanisms, Token Attribution",Moderate,High,Requires Tuning,"TensorFlow, PyTorch, Hugging Face",High,
T5 (Text-to-Text Transfer Transformer),Neural Networks,Attention Mechanisms,Text,Excellent,Excellent,Slow,Very High,High,"F1 Score, Accuracy, BLEU Score",High,Low,Low,"Attention Mechanisms, Token Attribution",Moderate,High,Requires Tuning,"TensorFlow, PyTorch, Hugging Face",High,
DCGAN (Deep Convolutional GAN),Neural Networks,Generative Adversarial Networks (GANs),Image,Moderate,Excellent,Slow,High,High,"Inception Score, FID",Moderate,High,Low,"Discriminator Analysis, Latent Space Visualization",Moderate,High,Requires Tuning,"TensorFlow, PyTorch, Keras",High,
StyleGAN,Neural Networks,Generative Adversarial Networks (GANs),Image,Moderate,Excellent,Slow,Very High,High,"FID, Precision-Recall",Good,Moderate,Low,"Style Manipulation, Latent Space Visualization",Moderate,High,Requires Tuning,"TensorFlow, PyTorch, Keras",High,
CycleGAN,Neural Networks,Generative Adversarial Networks (GANs),Image,Moderate,Excellent,Slow,High,High,"FID, Cycle Consistency Loss",Moderate,High,Low,"Cycle Consistency Analysis, Latent Space Visualization",Moderate,High,Requires Tuning,"TensorFlow, PyTorch, Keras",High,
Conditional GAN (cGAN),Neural Networks,Generative Adversarial Networks (GANs),"Image, Conditional Data",Moderate,Excellent,Slow,High,High,"FID, Inception Score",Moderate,High,Low,Conditional Latent Space Visualization,Moderate,High,Requires Tuning,"TensorFlow, PyTorch, Keras",High,
Variational Autoencoders (VAE),Neural Networks,Generative Models,"Numeric, Image",Good,Excellent,Moderate,High,High,"Reconstruction Loss, ELBO",Good,Low,Moderate,"Latent Space Visualization, Reconstruction Analysis",Moderate,High,Requires Tuning,"TensorFlow, PyTorch, Keras",High,
Vanilla Autoencoder,Neural Networks,Autoencoders,"Numeric, Image",Good,Moderate,Fast,Low to Moderate,High,"Reconstruction Loss, MSE",Moderate,Low,Moderate,"Reconstruction Analysis, Latent Space Visualization",Easy,Low,Moderate,"TensorFlow, PyTorch, Keras",High,
Variational Autoencoder (VAE),Neural Networks,Autoencoders,"Numeric, Image",Good,Excellent,Moderate,High,High,"Reconstruction Loss, ELBO",Good,Low,Moderate,"Latent Space Visualization, Reconstruction Analysis",Moderate,High,Requires Tuning,"TensorFlow, PyTorch, Keras",High,
Denoising Autoencoder,Neural Networks,Autoencoders,"Numeric, Image",Good,Moderate,Fast,Moderate,High,"Reconstruction Loss, MSE",Moderate,Low,Moderate,"Reconstruction Analysis, Latent Space Visualization",Easy,Low,Moderate,"TensorFlow, PyTorch, Keras",High,
Graph Convolutional Networks (GCN),Neural Networks,Graph Neural Networks (GNN),Graph,Good,Excellent,Moderate,High,High,"Accuracy, F1 Score, AUC",Good,Moderate,Low,"Node Importance Analysis, Layer-wise Relevance Propagation",Moderate,Moderate,Requires Tuning,"TensorFlow, PyTorch, DGL",High,
Graph Attention Networks (GAT),Neural Networks,Graph Neural Networks (GNN),Graph,Good,Excellent,Slow,High,High,"Accuracy, F1 Score, AUC",Good,Moderate,Low,"Attention Mechanisms, Node Importance Analysis",Moderate,High,Requires Tuning,"TensorFlow, PyTorch, DGL",High,
GraphSAGE (Graph Sample and Aggregation),Neural Networks,Graph Neural Networks (GNN),Graph,Good,Excellent,Moderate,High,High,"Accuracy, F1 Score, AUC",Good,Moderate,Low,"Aggregation Analysis, Neighborhood Sampling",Moderate,Moderate,Requires Tuning,"TensorFlow, PyTorch, DGL",High,
"Contrastive Learning (e.g., SimCLR, MoCo)",Neural Networks,Self-Supervised Learning,"Image, Text, Graph",Moderate,Excellent,Slow,High,High,"Contrastive Loss, Accuracy",High,Low,Low,"Latent Space Visualization, Representation Analysis",Moderate,High,Requires Tuning,"TensorFlow, PyTorch, Keras",High,
"Predictive Learning (e.g., BERT for masked language modeling)",Neural Networks,Self-Supervised Learning,"Text, Sequence",Excellent,Excellent,Slow,Very High,High,"Accuracy, Perplexity, BLEU",High,Low,Low,"Attention Mechanisms, Token Attribution",Moderate,High,Requires Tuning,"TensorFlow, PyTorch, Hugging Face",High,
,,,,,,,,,,,,,,,,,,,
Recurrent Neural Networks (RNN),Specialized Models,Time Series Forecasting,"Sequential, Text",Good,Moderate,Slow,High,High,"Accuracy, Cross-Entropy",Good,Moderate,Low,"Memory Cell Analysis, Gradient Visualization",Moderate,High,Moderate,"TensorFlow, PyTorch, Keras",High,
Long Short-Term Memory (LSTM),Specialized Models,Time Series Forecasting,"Sequential, Text",Excellent,Excellent,Slow,High,High,"Accuracy, Cross-Entropy",Good,Low,Low,"Memory Cell Analysis, Gradient Visualization",Moderate,High,Moderate,"TensorFlow, PyTorch, Keras",High,
Gated Recurrent Units (GRU),Specialized Models,Time Series Forecasting,"Sequential, Text",Good,Excellent,Faster than LSTM,High,High,"Accuracy, Cross-Entropy",Good,Low,Low,"Memory Cell Analysis, Attention Mechanisms",Moderate,High,Moderate,"TensorFlow, PyTorch, Keras",High,
Prophet,Specialized Models,Time Series Forecasting,Time Series,Good,Moderate,Fast,Moderate,High,"MAPE, RMSE",Moderate,Moderate,High,Trend and Seasonal Component Analysis,Easy,Low,Moderate,"R, Python",High,
ARIMA (AutoRegressive Integrated Moving Average),Specialized Models,Time Series Forecasting,Time Series,Excellent,Poor,Slow,Low,Low,"AIC, BIC, MSE",Moderate,High,High,"Parameter Analysis, Residual Analysis",Moderate,High,Moderate,"R, Python (statsmodels)",High,
Named Entity Recognition (NER),Specialized Models,Natural Language Processing (NLP),Text,Excellent,Excellent,Moderate,High,High,"F1 Score, Precision, Recall",High,Moderate,Low,"Token-Level Analysis, Layer-wise Relevance Propagation",Moderate,High,Requires Tuning,"TensorFlow, PyTorch, Hugging Face",High,
Sentiment Analysis,Specialized Models,Natural Language Processing (NLP),Text,Good,Excellent,Moderate,High,High,"Accuracy, F1 Score, Precision",High,Moderate,Low,"Attention Mechanisms, Gradient-based Methods",Moderate,High,Requires Tuning,"TensorFlow, PyTorch, Hugging Face",High,
Text Classification,Specialized Models,Natural Language Processing (NLP),Text,Excellent,Excellent,Moderate,High,High,"Accuracy, F1 Score, Precision",High,Moderate,Low,"Attention Mechanisms, Gradient-based Methods",Moderate,High,Requires Tuning,"TensorFlow, PyTorch, Hugging Face",High,
Machine Translation,Specialized Models,Natural Language Processing (NLP),Text,Excellent,Excellent,Slow,High,High,"BLEU Score, Perplexity",High,Moderate,Low,"Attention Mechanisms, Token Attribution",Moderate,High,Requires Tuning,"TensorFlow, PyTorch, Hugging Face",High,
Question Answering,Specialized Models,Natural Language Processing (NLP),Text,Excellent,Excellent,Slow,High,High,"F1 Score, Accuracy",High,Moderate,Low,"Attention Mechanisms, Layer-wise Relevance Propagation",Moderate,High,Requires Tuning,"TensorFlow, PyTorch, Hugging Face",High,
YOLO (You Only Look Once),Specialized Models,Object Detection,Image,Moderate,Excellent,Fast,High,High,mAP (Mean Average Precision),High,Moderate,Low,"Grad-CAM, Occlusion Sensitivity",High,Low,Requires Tuning,"TensorFlow, PyTorch, Darknet",High,
SSD (Single Shot MultiBox Detector),Specialized Models,Object Detection,Image,Moderate,Excellent,Fast,High,High,mAP (Mean Average Precision),High,Moderate,Low,"Grad-CAM, Occlusion Sensitivity",High,Low,Requires Tuning,"TensorFlow, PyTorch, Caffe",High,
Faster R-CNN,Specialized Models,Object Detection,Image,Excellent,Excellent,Slow,Very High,Moderate,mAP (Mean Average Precision),High,Low,Low,"Grad-CAM, Occlusion Sensitivity",Moderate,High,Requires Tuning,"TensorFlow, PyTorch, Caffe",High,
U-Net,Specialized Models,Image Segmentation,Image,Good,Excellent,Moderate,High,High,"Dice Coefficient, IoU (Intersection over Union)",High,Low,Moderate,"Feature Visualization, Gradient-based Methods",High,Moderate,Requires Tuning,"TensorFlow, PyTorch",High,
Mask R-CNN,Specialized Models,Image Segmentation,Image,Excellent,Excellent,Slow,Very High,Moderate,"mAP (Mean Average Precision), Dice Coefficient",High,Low,Low,"Grad-CAM, Occlusion Sensitivity",Moderate,High,Requires Tuning,"TensorFlow, PyTorch, Detectron2",High,
DeepLab,Specialized Models,Image Segmentation,Image,Good,Excellent,Moderate,High,High,"mIoU (Mean Intersection over Union), Dice Coefficient",High,Low,Moderate,"Feature Visualization, Gradient-based Methods",High,Moderate,Requires Tuning,"TensorFlow, PyTorch",High,